Nitrocellulose_g,Nitroglycerin_kg,Stabilizer_g,Vaseline_g,Sodium_kg,HMX_kg,Aluminum_kg,LeadSalt_kg,CopperSalt_g,CB_g,Nickel_g,ProcessTemperature,RollerSpacing,FeedingSpeed,RollerDiameter,RollerLength,PressingTimes,RollerSpeed,GrooveForm,BurnRate,WaterRepellencyRate,MechanicalProperties
0.07070133208558951,0.1961448523786928,1.0229808836274,1.0060765973141481,-0.773355171516485,-0.40174709850766294,-1.1610739391730593,-0.9534305333787028,0.9368184605493932,0.34793446447421267,0.9046710237279435,-0.6331390653268637,-0.2749316844721469,-0.1484880567090142,0.20204750365278148,0.5188319565751542,-1.5802911547173952,-0.9706606533095993,-0.7649541806990516,-0.784746374742511,-1.4170384729452343,-2.149575856031168
0.2560349210478173,0.1860081675012409,1.237926283300083,1.1183306109614728,-0.711471286823993,-0.43375881950428935,-1.2302655660729604,-0.9127922078254114,1.0511226956952266,0.47309074665918144,0.9901293203802815,-0.6331390653268637,-0.3062927131191597,-0.1484880567090142,0.20204750365278148,0.631112993164908,-1.5802911547173952,-0.9706606533095993,-0.7649541806990516,-0.7555826816582428,-1.4249069018357727,-2.473225922183928
1.0179618978925316,1.7296804645531971,1.3573403942293514,1.0060765973141481,0.7737419457958136,0.23848732142486725,-1.0457545610065577,0.16597061595287474,1.3654593423462684,0.8735908496510816,1.1610459136849571,0.9711952178543297,0.038678601997982225,0.15741008586749633,0.5739140747928698,1.024096621229046,0.12429256273058138,0.35564691953246463,0.3636667416438115,0.5276198140495489,-0.7088798727967667,-2.149575856031168
-0.21759536185565373,0.4625948548717138,0.35426186242349705,0.669314556372174,-0.8468422845888193,0.3345224844147464,-0.16010173668782576,-0.9645137130750551,0.8510902841900182,0.19774692585225012,0.3919212438139161,-0.2893531475023222,0.00731757335096943,-0.07201352106488657,0.05330087519674614,0.29426988339564675,-0.727999295993407,-0.4106641225540616,-0.7649541806990516,-0.7264189885739749,-1.145577676221655,-0.531325525267369
1.0591471398841377,1.5732858978725115,1.381223216415205,1.0341401007259792,0.5958257773048988,0.0464169954451083,-1.1702994894263796,0.14380425656017037,1.7083720477837683,1.0988721575840255,1.4174208036419709,0.8565999119128159,0.038678601997982225,0.004461014579241068,0.4251674463368345,1.3609397309983076,-0.30185336663141277,0.0019649001079139524,0.3636667416438115,0.2943102693754052,-0.8741168794980757,-2.473225922183928
0.7090725829554853,1.531291060523067,1.309574749857644,1.0341401007259792,0.8240226021084629,0.27049904242149364,-0.9765629341066571,0.1290266836317007,1.0511226956952266,0.9486846189620628,0.9616432214961688,0.9711952178543297,-0.02404345529604337,0.31035915715575163,0.5739140747928698,0.9679561029341693,0.5504384920925756,0.5619614308634522,0.3636667416438115,0.5859472002180852,-0.5908534394386888,-1.5022757237256485
0.37959064702263584,0.5205187684571528,0.8796839505122779,0.5851240461366805,-0.6805293444777469,0.23848732142486725,-0.2892594402343076,-0.9571249266108204,0.9082424017629349,0.47309074665918144,0.6198100348868172,-0.5185437593853498,-0.212209627178121,-0.7602843418620353,0.05330087519674614,0.7433940297546618,0.12429256273058138,0.09038540496405176,-0.3887472065847639,-0.638927909321171,-1.129840818440578,0.43962467319091064
0.8120356879345006,0.8304117061392529,1.8588796601322786,1.3989656450797843,0.05047404345231359,-0.2416884935245304,-1.3179082934795014,-0.25888460574062816,1.9655565768618934,1.1739659268950067,1.5883373969466468,0.39821868814676065,-0.11812654123708231,-0.07201352106488657,0.6482873890208875,1.585501804177815,-1.5802911547173952,-0.5875051322663367,-0.3887472065847639,-0.3181272853942229,-1.2163935362365017,-2.473225922183928
-0.279373224843063,0.4220481153619062,0.37814468460935075,0.669314556372174,-0.8429745417955383,0.23848732142486725,-0.3215488661209282,-0.9534305333787028,0.7082099902577266,0.2978719516002251,0.3919212438139161,-0.2893531475023222,0.00731757335096943,0.08093555022336871,0.1276741894247638,0.23812936510076987,-1.1541452253554012,-0.4990846274101989,-0.7649541806990516,-0.7264189885739749,-1.1652487484480014,-0.8549755914201288
0.6061094779764697,0.3206812665873871,1.667817082645449,1.4270291484916156,-0.5258196327465173,-0.40174709850766294,-1.271780542212901,-0.7687108717728318,1.3940354011327267,0.7734658239031065,1.2465042103372952,-0.2893531475023222,-0.2749316844721469,0.004461014579241068,0.4251674463368345,0.9118155846392925,-1.5802911547173952,-0.9117136500721744,-0.7649541806990516,-0.668091602405439,-1.38556475738308,-2.473225922183928
0.894406171917713,0.5349997468535128,1.0229808836274,1.174457617785135,0.05820952903887561,0.3665342054113734,1.9479364961958225,2.510986720039406,0.8510902841900182,1.0738409011470316,0.790726628191493,0.6274093000297883,1.230397690584473,1.457477191817666,0.4251674463368345,1.4732207675880613,1.4027303508165638,1.2103784664751276,2.0565981251581062,0.5859472002180852,2.1080176700160265,-1.8259257898784085
0.7914430669386976,0.3757089844935547,0.7363870173971558,0.7254415631958363,0.027267586692629606,0.014405274448481338,1.7265232901161394,1.909724221512296,0.7082099902577266,0.8485595932140878,0.5343517382344792,0.6274093000297883,1.1990366619374602,1.1515790492411555,0.3507941321088168,0.8556750663444156,0.9765844214545697,0.9156434502880023,2.0565981251581062,0.5276198140495489,1.6831225099269458,-1.5022757237256485
-1.0824854436793834,-1.1925809758322123,-0.9115277134267477,-0.7057971108075533,-0.6418519165449397,-0.049618167544771455,-0.9765629341066571,-0.6135463560239003,-0.5491365963464403,-0.6032532801315501,-0.7475227115505892,-1.091520289092919,-0.8080691714713661,-0.30143712799726946,-0.8391788955394659,-0.1548542629633683,-0.727999295993407,-1.2653956694967246,-0.7649541806990516,-0.9014011470795829,-1.1259066039953087,0.7632747393436705
1.120925002871547,0.645055182665847,1.2140434611142292,1.2586481280206285,0.1394321276977709,0.6546396943810115,2.1324475012622255,2.510986720039406,0.9939705781223099,1.2240284397689942,0.9046710237279435,0.7420046059713021,1.2617587192314859,1.6104262631059214,0.4251674463368345,1.8100638773573225,1.4027303508165638,1.3872194761874033,2.0565981251581062,0.6734382794708889,2.371610037849067,-2.149575856031168
-0.753003507746534,-0.10071520474668286,-0.815996424683333,-0.9303051381022026,0.0388708150724716,-0.7858877504671814,0.26427357496489995,-0.7317669394516578,-1.0063535369297738,-0.7534408187535127,-0.5481200193618008,0.16902807626373303,0.038678601997982225,-0.30143712799726946,-0.5416856386273953,-0.772399964207014,-0.30185336663141277,-0.6464521355037616,-0.012540232470476212,0.03183703161699314,-0.7954325905926907,0.43962467319091064
-0.8971518547171556,-0.24842118438955335,-0.959293357798455,-1.0986861585731895,-0.10810341107219672,-0.8178994714638078,-0.0032673823813836977,-0.9312641739859984,-1.1778098896485236,-0.9036283573754752,-0.7190366126664766,-0.1747578415608084,-0.14948756988409512,-0.60733527057378,-0.7648055813114483,-0.8285404825018908,-0.30185336663141277,-0.882240148453462,-0.3887472065847639,-0.20147251305715105,-0.9960775273014231,0.43962467319091064
-1.0618928226835804,-0.3309627612488043,-1.0787074687277234,-1.1828766688086831,-0.2125324664907767,-0.8499111924604342,-0.22006781333440653,-1.0790399032706952,-1.292114124794357,-0.9536908702494628,-0.8899532059711525,-0.403948453443836,-0.3062927131191597,-0.7602843418620353,-0.9135522097674835,-0.8846810007967678,-0.30185336663141277,-1.0296076565470247,-0.3887472065847639,-0.34729097847849105,-1.1534461051121934,0.7632747393436705
-0.8353739917297464,-0.8696551575933891,-0.40998844752382047,-0.3129080630419169,-0.3981841205682527,0.30251076341812005,-0.5752514980872315,-0.04460979827781787,0.10811275574210147,-0.20275317713965,-0.2917451294047871,-0.6331390653268637,-0.5258199136482501,0.004461014579241068,-0.3929390101713599,0.18198884680589297,-0.30185336663141277,-0.8527666468347496,-0.3887472065847639,-0.7264189885739749,-0.7206825161325745,0.11597460703815078
-1.5149304845912483,-1.3200135857201791,-1.5085982680730894,-1.1548131653968519,-0.8855197125216266,-0.4657705405009163,-1.2256527909463004,-1.1640109476093956,-1.3492662423672737,-1.3041284603673753,-1.4027029858851798,-1.4353062069174602,-1.0589574006474696,-0.9132334131502905,-1.508538723591625,-0.5478378910275065,-0.727999295993407,-1.6780246921587,-1.1411611548133394,-1.076383305585191,-1.5232622629675043,1.0869248054964304
0.8326283089303037,0.4625948548717138,0.9274495948839853,1.0060765973141481,0.023399843899348943,0.23848732142486725,1.841842668282641,2.323496263509447,0.7653621078306433,0.9737158753990566,0.705268331539155,0.5128139940882744,1.1990366619374602,1.3810026561735385,0.3507941321088168,1.2486586944085538,0.9765844214545697,1.0924844600002779,2.0565981251581062,0.5567835071338167,1.9467148777599865,-1.8259257898784085
-0.979522338700368,0.7942092601483532,-0.14727740347943008,-0.7338606142193844,-0.38658089218841035,0.6866514153776385,1.8649065439159416,0.908543655608476,-0.5777126551328986,-0.47809699794658134,-0.43417562382535024,0.39821868814676065,1.9517013494657696,0.23388462151162398,-0.021072439031271532,0.5749724748700311,1.828876280178558,0.620908434100877,1.4922876639866747,1.081729982650641,0.9356217653257856,-0.20767545911460908
-1.0413002016877773,0.05133506841509473,-0.6010510250106499,-0.8741781312785403,-0.699868058444151,0.3665342054113734,0.6794233363643054,-0.01874904565299617,-1.0635056545026904,-0.8035033316275002,-0.690550513782364,-0.1747578415608084,0.6972602035852532,-0.1484880567090142,-0.3929390101713599,-0.04257322637361454,0.9765844214545697,0.38512042115117706,-0.012540232470476212,0.4401287347967452,0.47531867522928173,0.43962467319091064
0.23544230005201422,0.28737501627575995,0.44979315116691176,0.0519174813118883,0.8046838881420595,-0.4977822614975427,0.6655850109843254,0.7533791398595445,-0.03476753819019022,-0.0275343820806937,-0.4056895249412376,0.9711952178543297,1.2931197478784986,0.9986299779529003,-0.0954457532592892,-0.04257322637361454,0.9765844214545697,0.4440674243886019,0.7398737157580992,-0.14314512688861475,0.04255508624966283,0.11597460703815078
-0.03226177289342593,-1.470615761042321,-0.7204651359399182,-0.8461146278667091,-0.2473421516303037,-1.0099697974435666,-1.110333412779799,-1.1012062626633996,-0.606288713919357,-0.6282845365685439,-0.7190366126664766,-0.7477343712683775,-0.9962353433534438,-0.3779116636413971,-0.8391788955394659,-1.3338051471557828,-1.1541452253554012,-0.440137624172774,-1.1411611548133394,-1.1347106917537269,-0.8269063061548448,1.0869248054964304
0.21484967905621113,0.23089920052995663,0.4259103289810581,0.02385397790005713,0.7930806597622175,-0.5297939824941691,0.6010061592110844,0.6905744549135484,-0.06334359697664856,-0.05256563851768746,-0.43417562382535024,0.9711952178543297,1.230397690584473,0.9986299779529003,-0.0954457532592892,-0.09871374466849142,0.9765844214545697,0.4145939227698895,0.7398737157580992,-0.20147251305715105,0.01108137068750869,0.11597460703815078
-0.07344701488503211,0.7507663249592743,-0.38610562533796683,-0.25678105621825453,-0.061690497552827725,-0.1456533305346512,1.7126849647361595,1.3703428096231534,-0.14907177333602356,-0.302878202887625,-0.2917451294047871,0.6274093000297883,2.3593947218769378,0.6162572997322622,-0.24419238171532454,-0.32327581784799897,2.2550222095405523,0.2966999162950393,1.8684946381009624,0.5567835071338167,0.53826610635359,-0.20767545911460908
-1.0413002016877773,-0.031206508444156227,-0.6726994915682109,-0.8741781312785403,-0.726942257997116,0.30251076341812005,0.4995251064245635,-0.140664022312871,-1.0920817132891487,-0.8035033316275002,-0.7190366126664766,-0.2893531475023222,0.5090940317031759,-0.1484880567090142,-0.3929390101713599,-0.1548542629633683,0.9765844214545697,0.3261734179137517,-0.012540232470476212,0.32347396245967314,0.39663438632389675,0.43962467319091064
-0.9177444757129587,-0.5250078717600252,-0.9354105356126013,-0.9583686415140338,-0.773355171516485,-0.049618167544771455,-0.3261616412475882,-0.6948230071304837,-1.2063859484349821,-0.8035033316275002,-1.0323837003917156,-0.7477343712683775,-0.33765374176617247,-0.3779116636413971,-0.6160589528554129,-0.6039784093223833,0.12429256273058138,-0.0569821031295109,-0.7649541806990516,-0.288963592309955,-0.07940556155368454,0.7632747393436705
0.0912939530813926,0.9375709462723157,0.019902351821545632,0.10804448813555063,0.36762895250133487,-0.1456533305346512,1.6803955388495389,1.5292017186042022,-0.006191479403731882,-0.10262815139167497,-0.0353702394477734,1.0857905237958436,2.3593947218769378,1.1515790492411555,-0.0954457532592892,-0.1548542629633683,2.2550222095405523,0.5324879292447398,2.0565981251581062,0.4401287347967452,0.4989239619008975,-0.531325525267369
0.19425705806040802,-0.79725026561159,-0.1233945812935764,-0.11646353915909871,0.4063063804341429,-0.8499111924604342,-0.37228939251418863,-0.37710518916838565,-0.606288713919357,-0.3779719721986063,-0.5766061182459135,0.39821868814676065,-0.1808485985311079,0.23388462151162398,-0.3929390101713599,-0.7162594459121371,-0.30185336663141277,0.03143840172662638,-0.7649541806990516,-0.8430737609110468,-0.48462964941641884,0.7632747393436705
-0.505892055796897,-0.81173124400795,-1.1981215796569917,-0.986432144925865,-1.1756004220176826,-1.7462393803659764,-1.4009382457593829,-1.4558680129466717,-0.8920493017839404,-0.7284095623165189,-1.089355898159941,-1.2061155950344327,-0.8394302001183792,-0.9897079487944181,-1.8060319805036955,-1.1092430739762753,-0.30185336663141277,-0.9411871516908868,-1.1411611548133394,-0.5222731369840989,-0.8937879517244223,0.7632747393436705
0.7090725829554853,-0.7161567865919748,-0.33833998096625945,0.0519174813118883,0.0891514713851216,1.7750499292629394,1.0530581216237707,-0.635712715416605,-0.14907177333602356,-0.45306574150958756,-0.4056895249412376,-0.06016253561929459,-1.0903184292944823,-0.3779116636413971,0.20204750365278148,-0.32327581784799897,-0.30185336663141277,0.1493324082014766,-0.3887472065847639,1.8691496959258767,0.6956346841643607,-0.8549755914201288
1.2238881078505623,-0.10071520474668286,0.28261339586593603,0.3886795222538623,0.28640635384243956,2.375269697949687,2.007902572842404,0.018194886668178208,0.3652972848202265,0.12265315654126883,0.3349490460456908,0.16902807626373303,-1.0275963720004566,0.08093555022336871,0.7226607032489052,0.18198884680589297,-0.727999295993407,0.208279411438902,-0.3887472065847639,1.8399860028416088,1.1520035598155953,-1.1786256575728886
1.0797397608799408,0.023821209462011418,0.8558011283264242,0.3886795222538623,-0.023013069620020397,2.1271788602258312,1.9802259220824432,0.5686594782536736,0.9653945193358516,0.7484345674661128,0.705268331539155,0.39821868814676065,-0.9648743147064307,0.23388462151162398,0.5739140747928698,0.46269143828027737,-1.1541452253554012,-0.23382311284178597,-0.3887472065847639,0.790093051807961,1.1913457042682878,-0.8549755914201288
0.8532209299261069,-0.5829317853454643,-0.2189258700369911,0.1361079915473818,0.14329987049105158,1.9351085342460719,1.2744713277034538,-0.4990201658282605,-0.006191479403731882,-0.3279094593246188,-0.2917451294047871,0.05443277032221922,-1.0903184292944823,-0.22496259235314184,0.27642081788079914,-0.2109947812582452,-0.30185336663141277,0.1493324082014766,-0.3887472065847639,1.8983133890101451,0.809726903077169,-1.1786256575728886
0.11188657407719568,-0.3193779785317157,-0.5294025584530888,-1.0706226551613585,-1.3109714197825089,-1.7462393803659764,-1.3732615949994222,-1.3007034971977403,-0.14907177333602356,-0.40300322863560006,-0.6335783160141387,-1.2061155950344327,-0.8080691714713661,-0.5308607349296524,-1.5829120378196426,-0.7162594459121371,-0.30185336663141277,-1.2359221678780121,-1.1411611548133394,-0.9888922263323868,-0.8977221661696915,1.0869248054964304
-0.8147813707339433,-0.8218679288854019,-0.9831761799843086,-0.8180511244548779,-0.7385454863769583,-0.9779580764469403,-0.9904012594866369,-1.4817287655714937,-1.2349620072214404,-1.0538158959974377,-1.0608697992758283,-0.8623296772098913,-0.870791228765392,-0.836758877506163,-1.285418780907572,-1.1092430739762753,0.5504384920925756,-0.440137624172774,-0.7649541806990516,0.7026019725551568,-0.5436428660954575,0.43962467319091064
0.9355914139093192,0.03830218785837143,0.9274495948839853,0.36061601884203115,-0.5026131759868326,0.8787217413573974,1.1314752987769918,0.583437051182143,0.8510902841900182,0.723403311029119,0.27797684827746555,0.39821868814676065,-0.9335132860594179,0.08093555022336871,0.05330087519674614,0.46269143828027737,-1.5802911547173952,-0.7053991387411869,-0.3887472065847639,-0.17230881997288316,0.7153057563907066,-0.531325525267369
1.2032954868547594,0.11360327551944187,0.7125041952113021,0.5009335359011869,0.30187732501556225,2.375269697949687,2.307732956075308,0.4356613218974461,0.8225142254035599,0.47309074665918144,0.8761849248438308,0.39821868814676065,-0.9648743147064307,0.31035915715575163,0.8714073317049404,0.5749724748700311,-1.1541452253554012,0.11985890658276419,-0.012540232470476212,1.5483490719989288,1.3487142820790585,-1.1786256575728886
-0.7941887497381401,-0.8957209187068367,-1.1742387574711382,-0.9303051381022026,-0.943535854420838,-1.3620987284064583,-1.1749122645530397,-1.5112839114284329,-1.2349620072214404,-1.0788471524344314,-1.146328095928166,-1.091520289092919,-0.870791228765392,-0.836758877506163,-1.5829120378196426,-1.221524110566029,0.12429256273058138,-0.7053991387411869,-1.1411611548133394,0.20681919012260103,-0.7167483016873053,0.43962467319091064
-1.8650050415199007,-0.34254754396589193,-2.0101375339760166,-1.7160832336334753,2.6147875153974485,0.46256936840125257,0.9192876429506285,0.7977118586449532,-1.4064183599401905,-1.5794722811743067,-1.1748141948122788,-0.7477343712683775,1.4812859197605759,-1.066182484438546,-0.8391788955394659,-1.1653835922711522,2.2550222095405523,-0.7348726403598993,-0.012540232470476212,-0.14314512688861475,1.2660957787284037,-0.20767545911460908
-1.1648559276625958,-0.25710977142736857,-1.4130669793296748,-0.9022416346903714,-0.12357438224531972,0.014405274448481338,-0.2846466651076477,-0.7576276920764798,-0.5777126551328986,-1.1038784088714253,-1.0323837003917156,-0.403948453443836,-0.1808485985311079,-1.066182484438546,-0.3929390101713599,-0.8846810007967678,-0.30185336663141277,-1.3538161743528625,-0.7649541806990516,-1.076383305585191,-0.9055905950602299,-0.20767545911460908
-1.3913747586164298,-0.632167111893088,-0.887644891240894,-0.986432144925865,-1.338045619335474,-0.6898525874773016,-0.8105030295468947,-1.4041465076970279,-0.8348971842110237,-0.6282845365685439,-0.2062868327524492,-0.9769249831514051,-0.7453471141773405,-0.9897079487944181,-0.5416856386273953,-1.1653835922711522,-1.5802911547173952,-0.8232931452160366,-0.7649541806990516,-1.455511315680675,-0.980340669520346,0.7632747393436705
-1.3090042746332173,-0.6408556989309043,-0.9115277134267477,-0.9022416346903714,-1.4192682179943696,-0.7858877504671814,-0.8658563310668155,-1.441090440018202,-0.8063211254245654,-0.6032532801315501,-0.2917451294047871,-0.9769249831514051,-0.7453471141773405,-0.9897079487944181,-0.6160589528554129,-1.277664628860906,-1.5802911547173952,-0.6169786338850491,-0.7649541806990516,-1.4846750087649427,-0.8898537372791527,0.7632747393436705
-1.7620419365408853,-0.1456062377753986,-1.7713093121174799,-1.659956226809813,2.3440455198677967,0.5265928103945059,0.8039682647841269,0.661019309056609,-1.292114124794357,-1.7296598197962691,-1.1748141948122788,-0.8623296772098913,1.3244807765255113,-1.219131555726801,-0.5416856386273953,-0.9408215190916447,2.2550222095405523,-0.9117136500721744,-0.012540232470476212,-0.17230881997288316,0.754647900843399,-0.20767545911460908
-0.8765592337213526,-1.427172825853242,-0.6010510250106499,-0.986432144925865,-0.8700487413485036,-1.0739932394368195,-0.7736008285336141,-1.2083436663948048,-0.5777126551328986,-0.9787221266864564,-1.7160500736104187,-1.664496818800488,-0.2435706558251338,-1.1426570200826733,-2.1035252374157665,-1.5583672203352903,-1.1541452253554012,0.6503819357195899,-0.012540232470476212,-1.3388565433436028,0.5736740363610133,1.0869248054964304
-2.0503386304821287,-0.5916203723832805,-2.1056688227194313,-1.6318927233979819,2.491019746012465,0.23848732142486725,0.7578405135175263,0.7238239940026051,-1.4064183599401905,-1.6045035376113004,-1.231786392580504,-0.8623296772098913,1.3244807765255113,-1.1426570200826733,-1.1366721524515366,-1.3338051471557828,2.2550222095405523,-0.675925637122474,-0.012540232470476212,-0.23063620614141894,1.3723195687506737,0.11597460703815078
-0.9589297177045649,-1.4836486415990442,-0.6010510250106499,-1.1267496619850208,-0.5528938322994823,-0.913934634453687,-0.542962072200611,-1.0051520386283468,-0.692016890278732,-1.028784639560444,-1.6021056780739682,-1.664496818800488,0.00731757335096943,-1.219131555726801,-2.0291519231877486,-1.3899456654506597,-0.727999295993407,0.8861699486692904,-0.012540232470476212,-1.222201771006531,1.0693850564649405,1.0869248054964304
-1.1442633066667927,-0.9159942884617405,-1.0070590021701624,-0.7338606142193844,-1.4695488743070193,-1.0739932394368195,-1.0964950873998187,-1.5149783046605505,-0.5777126551328986,-0.828534588064494,-0.8899532059711525,-1.2061155950344327,-0.7767081428243533,-1.066182484438546,-1.1366721524515366,-1.4460861837455365,-1.5802911547173952,-0.26329661446049896,-0.7649541806990516,-1.513838701849211,-0.7324851594683824,1.0869248054964304
-2.0709312514779317,-0.9464043430940962,-1.9384890674184556,-1.6038292199861506,2.096509981097829,-0.1456533305346512,0.4164951541446817,0.4689108609865028,-1.3778423011537322,-1.8297848455442443,-1.459675183653405,-1.3207109009759466,1.0422315187023956,-1.3720806270150563,-1.5829120378196426,-1.5583672203352903,1.4027303508165638,-0.6464521355037616,-0.012540232470476212,-0.43478205773129497,1.4234643565391745,0.43962467319091064
-0.21759536185565373,-0.7190529822712471,-0.05174611473601539,0.0519174813118883,-0.9241971404544344,0.46256936840125257,0.0013453927452762669,-0.1739135614019277,0.22241699088793482,-0.40300322863560006,-0.06385633833188603,-0.2893531475023222,-0.05540448394305644,-0.7602843418620353,-0.3929390101713599,-0.5478378910275065,-0.727999295993407,-0.3222436176979238,-0.3887472065847639,0.09016441778552893,1.222819419830442,-0.20767545911460908
-0.21759536185565373,-0.61334183997782,-0.19504304785113744,0.19223499837104413,-1.187203650397525,0.11044043743836109,-0.22006781333440653,-0.3032173245260372,0.050960638169184794,-0.22778443357664377,0.3349490460456908,0.05443277032221922,-0.4317368277072114,-0.9132334131502905,-0.3185656959433422,-0.37941633614287584,-0.727999295993407,-0.5875051322663367,-0.7649541806990516,-0.40561836464702683,0.9670954808879397,0.11597460703815078
-0.44411419280948766,0.05712745977363853,-0.3144571587804058,-0.3970985732774104,-1.0440971670461372,-0.9459463554503139,-0.5706387229605716,0.635158556431787,-0.4062563024141486,-0.22778443357664377,-0.43417562382535024,-0.2893531475023222,-0.212209627178121,-0.60733527057378,-0.3185656959433422,-0.7162594459121371,-0.30185336663141277,-0.9706606533095993,-0.012540232470476212,-0.638927909321171,0.15664730516247116,1.0869248054964304
-0.2999658458388661,-0.6683695578839877,-0.1233945812935764,0.07998098472371946,-1.0518326526326987,0.3665342054113734,-0.0862973346612647,-0.2662733922048632,0.2795691084608515,-0.35294071576161257,0.10706025497278976,-0.06016253561929459,-0.2435706558251338,-0.7602843418620353,-0.3185656959433422,-0.4916973727326296,-0.727999295993407,-0.440137624172774,-0.7649541806990516,-0.14314512688861475,1.1362667020345179,-0.20767545911460908
-0.7735961287423371,-0.17312009672848191,-1.102590290913577,-0.5654795937483974,1.214664624229819,0.9107334623540239,1.4128545815032554,2.510986720039406,-1.0635056545026904,-0.5782220236945563,-0.690550513782364,0.5128139940882744,2.3593947218769378,0.23388462151162398,-0.9135522097674835,0.23812936510076987,0.5504384920925756,1.2693254697125524,2.0565981251581062,2.408678017984835,1.576898719904676,-1.1786256575728886
-0.505892055796897,-0.009485040849615692,-0.2905743365945521,-0.3690350698655792,-1.10984879453191,-0.8819229134570605,-0.6167664742271721,0.4171893557368594,-0.5777126551328986,-0.20275317713965,-0.4056895249412376,-0.403948453443836,-0.3062927131191597,-0.7602843418620353,-0.24419238171532454,-0.772399964207014,-0.30185336663141277,-1.0001341549283123,-0.3887472065847639,-0.7264189885739749,0.18025259183408693,1.0869248054964304
-0.8971518547171556,-1.1288646708882295,-0.5771682028247962,-0.2848445596300857,-0.6573228877180627,-1.2980752864132055,-0.27542111485432735,1.8395307501020652,-1.034929595716232,-1.128909665308419,-0.7190366126664766,-0.7477343712683775,0.7599822608792793,-0.9132334131502905,-1.7316586662756779,-0.7162594459121371,-0.30185336663141277,-0.8527666468347496,1.4922876639866747,0.14849180395406522,-0.2053004238023011,0.7632747393436705
-0.4852994348010939,-0.45260297977822617,-0.2905743365945521,-0.14452704257092988,-1.2722939918497012,-0.6578408664806752,-0.6582814503671126,-0.1665247749376927,-0.8063211254245654,-0.2528156900136375,-0.26325903052067445,-0.1747578415608084,-0.5571809422952629,-1.2956060913709286,-0.0954457532592892,-0.7162594459121371,-0.727999295993407,-1.0296076565470247,-0.7649541806990516,-0.8139100678267789,0.35335802742593436,0.7632747393436705
-0.32055846683466915,-0.37730189211715576,-0.6010510250106499,-0.5654795937483974,0.8549645444547088,0.9427451833506502,1.3021479784634136,2.2163588597780417,-0.7491690078516486,-0.8035033316275002,-1.089355898159941,0.05443277032221922,2.3593947218769378,0.23388462151162398,-0.9879255239955013,0.013567291921262338,0.5504384920925756,1.2398519680938407,2.0565981251581062,2.408678017984835,1.8129515866208317,-1.5022757237256485
-0.44411419280948766,-0.6176861334967281,-0.24280869222284476,-0.3690350698655792,-0.36337443542872605,0.6226279733843851,0.4257207043980024,0.3174407384696893,-0.3205281260547736,-0.6783470494425314,-0.5196339204776882,-0.6331390653268637,0.6345381462912276,-0.5308607349296524,-0.7648055813114483,-0.4916973727326296,-0.30185336663141277,0.23775291305761442,0.3636667416438115,0.8484204379764968,1.5060828598898286,-0.8549755914201288
1.9240372217078674,1.642794594175038,2.121590704176669,1.9321722099045766,1.029012970152343,1.0707920673371563,0.8224193652907675,0.2804968061485146,1.9941326356483517,2.275341210122732,1.9301705835559984,1.7733623594449264,-0.588541970942276,1.3045281205294108,1.5407671597570995,1.9784854322419532,0.5504384920925756,1.1219579616189899,-0.012540232470476212,0.23598288320686892,1.9152411621978325,0.11597460703815078
-1.3295968956290205,-0.5134230890429377,-1.5563639124447968,-1.4354481995151636,-0.730810000790397,-1.041981518440193,0.2504352495849197,-0.19238552756251473,-1.720755006591232,-1.7296598197962691,-1.317244689232842,-0.6331390653268637,-0.33765374176617247,-1.448555162659184,-0.16981906748730688,-0.8846810007967678,-0.30185336663141277,-0.9117136500721744,-0.3887472065847639,-0.25979989922568686,-0.28791892715295564,0.43962467319091064
0.9561840349051223,-0.38888667483424333,0.8796839505122779,0.8657590802549922,-0.22026795207733837,0.0464169954451083,0.9423515185839291,-0.21824628018733677,0.1938409321014765,0.8485595932140878,0.3349490460456908,0.9711952178543297,-0.2435706558251338,0.4633082284440069,0.5739140747928698,0.23812936510076987,0.12429256273058138,-0.46961112579148645,-0.7649541806990516,0.09016441778552893,1.407727498758097,-0.20767545911460908
1.4092216968127902,0.7449739336007295,0.6647385508395948,1.5954101689626026,0.10849018535152492,-0.1456533305346512,-0.27542111485432735,0.31005195200545393,1.1654269308410599,1.4993722605759254,0.7622405293073803,0.7420046059713021,-0.8080691714713661,-0.1484880567090142,0.4251674463368345,0.46269143828027737,0.12429256273058138,1.3282724729499784,-0.012540232470476212,-0.14314512688861475,0.12123937515504783,0.7632747393436705
1.8828519797162613,1.6688603552884855,2.19323917073423,2.128616733787395,0.9091129435606395,1.1028037883337827,0.614844484591065,0.4245781422010941,2.0512847532212684,2.566329566202784,1.8447122869036605,1.7733623594449264,-0.588541970942276,1.2280535848852832,1.5407671597570995,2.090766468831707,0.5504384920925756,1.475639981043541,-0.012540232470476212,0.2651465762911368,1.6359119365837143,0.11597460703815078
2.027000326686883,1.1794032854915237,2.026059415433254,1.819918196257252,0.9903355422195355,0.8787217413573974,0.9561898439639089,0.12533229039958335,2.165588988367102,1.849809850693838,1.873198385787773,2.002552971327954,-0.5571809422952629,1.457477191817666,1.5407671597570995,1.8100638773573225,0.12429256273058138,0.620908434100877,-0.3887472065847639,0.20681919012260103,2.0804781688991416,-0.20767545911460908
0.15307181606880185,-0.652440481647992,0.06766799619325298,0.24836200519470647,-0.483274462020429,-0.2416884935245304,0.8131938150374476,-0.36232761623991594,-0.3205281260547736,0.17271566941525635,-0.2917451294047871,0.39821868814676065,-0.2749316844721469,-0.22496259235314184,0.27642081788079914,-0.26713529955312204,-0.30185336663141277,-0.7643461419786117,-0.7649541806990516,-0.05565404763581106,0.9828323386690164,0.11597460703815078
-0.7941887497381401,-0.4859092300898543,-1.030941824356016,-0.42516207668924155,-0.40978734894809504,-0.33772365651441016,1.1268625236503318,-0.14805280877710567,-0.6348647727058153,-0.7784720751905064,-0.9469254037393777,0.05443277032221922,-0.08676551259006925,-0.9132334131502905,0.5739140747928698,-0.6601189276172602,0.12429256273058138,-0.7053991387411869,-0.7649541806990516,0.061000724701261035,0.6995688986096299,-0.20767545911460908
-0.23818798285145681,0.17876767830306142,-0.2666915144086984,-0.4532255801010727,-0.40591960615481404,-0.7858877504671814,-0.547574847327271,0.3248295249339239,-0.26337600848185694,-0.35294071576161257,-0.17780073386833656,-0.1747578415608084,-0.7767081428243533,-0.9897079487944181,-0.46731232439937753,-0.772399964207014,0.5504384920925756,0.26722641467632685,-0.012540232470476212,-0.40561836464702683,-0.46889279163534175,1.0869248054964304
-1.453152621603839,-0.3020008044560843,-1.030941824356016,-1.5477022131624882,-0.711471286823993,-1.0739932394368195,-0.39996604327414925,-0.01874904565299617,-1.6064507714453988,-1.229034691056394,-1.0038976015076029,-0.7477343712683775,-0.6512640282363016,-1.1426570200826733,-0.6904322670834305,-0.9969620373865216,0.12429256273058138,-0.4990846274101989,-0.3887472065847639,-0.34729097847849105,-0.6459324416724583,0.7632747393436705
0.8326283089303037,-0.14415813993576188,0.5214416177244727,0.2202985017828753,-0.7462809719635196,1.4549327192966743,0.27811190034488026,0.6757968819850784,0.4510254611796015,0.4981220030961752,-0.0353702394477734,0.16902807626373303,-0.6199029995892887,0.3868336927998792,0.4251674463368345,0.23812936510076987,0.5504384920925756,0.47354092600731434,-0.7649541806990516,-0.20147251305715105,-0.8937879517244223,0.7632747393436705
0.13247919507299877,-0.27448694550300096,0.1631992849366677,0.16417149495921296,-0.6147777169919744,1.1028037883337827,-0.39996604327414925,0.2213865144346358,0.1938409321014765,0.44805949022218766,0.19251855162512765,0.05443277032221922,-0.33765374176617247,0.08093555022336871,0.49954076056485214,0.06970781021613921,0.9765844214545697,0.1493324082014766,-0.7649541806990516,0.4401287347967452,-0.5947876538839579,0.43962467319091064
1.4709995598001995,1.1084464913493615,1.166277816742522,0.3044890120183688,-0.6805293444777469,0.014405274448481338,0.4856867810445828,0.11794350393534835,0.9939705781223099,0.5231532595331689,1.104073715916732,0.7420046059713021,-1.0903184292944823,0.9221554423087727,0.4251674463368345,0.7995345480495387,-0.30185336663141277,1.1809049648564158,-0.3887472065847639,-1.076383305585191,-1.306880468477695,1.0869248054964304
0.2560349210478173,-0.31358558717317186,0.18708210712252135,0.19223499837104413,-0.6573228877180627,1.134815509330409,-0.3353871915009081,0.25094166029157516,0.16526487331501816,0.47309074665918144,0.16403245274101502,0.05443277032221922,-0.36901477041318553,0.08093555022336871,0.4251674463368345,0.06970781021613921,0.9765844214545697,0.17880590982018904,-0.7649541806990516,0.352637655543941,-0.6538008705629971,0.43962467319091064
1.368036454821184,0.868062249969788,0.7602698395830095,0.3044890120183688,-0.7656196859299237,-0.4977822614975427,-0.100135660041245,-0.38449397563262033,0.8225142254035599,0.7734658239031065,0.7622405293073803,0.8565999119128159,-1.1844015152355212,0.7692063710205174,0.1276741894247638,0.7995345480495387,-0.727999295993407,0.827222945431865,-0.3887472065847639,-1.1055469986694588,-1.3894989718283495,1.0869248054964304
0.0912939530813926,-0.26290216278591233,0.139316462750814,0.16417149495921296,-0.607042231405413,1.1028037883337827,-0.40919159352746914,0.21769212120251846,0.1938409321014765,0.42302823378519394,0.19251855162512765,0.16902807626373303,-0.33765374176617247,0.08093555022336871,0.49954076056485214,0.06970781021613921,0.9765844214545697,0.1493324082014766,-0.7649541806990516,0.4692924278810131,-0.5829850105481504,0.43962467319091064
0.15307181606880185,0.3496432233801071,0.8796839505122779,0.47287003248935583,-0.9551390828006799,-1.1700284024266994,-1.3501977193661219,-0.9201809942896461,0.5081775787525182,0.42302823378519394,0.36343514492980344,0.28362338220524685,-1.0589574006474696,0.3868336927998792,0.20204750365278148,0.23812936510076987,-1.1541452253554012,0.03143840172662638,-0.7649541806990516,-0.6972552954897068,-1.2714725384702714,0.7632747393436705
-0.2999658458388661,-0.10216330258631855,-0.2189258700369911,-0.08840003574726754,-0.5993067458188513,0.6226279733843851,-0.7643752782802942,-0.10002569675957927,0.22241699088793482,0.34793446447421267,0.22100465050924029,0.5128139940882744,-0.2435706558251338,0.08093555022336871,0.5739140747928698,0.06970781021613921,0.9765844214545697,0.03143840172662638,-0.7649541806990516,0.6151108933023531,-0.42168221829211056,0.11597460703815078
-0.32055846683466915,-0.0196217257270676,-0.2905743365945521,-0.20065404939459222,-0.668926116097905,0.3985459264079998,-0.9350479579667166,-0.2551902125085108,0.30814516724730984,0.2978719516002251,0.16403245274101502,0.6274093000297883,-0.3062927131191597,0.15741008586749633,0.5739140747928698,0.06970781021613921,0.5504384920925756,-0.08645560474822332,-1.1411611548133394,0.5567835071338167,-0.43741907607318764,0.43962467319091064
0.17366443706460494,-0.2918641195786324,0.1631992849366677,0.16417149495921296,-0.6341164309583783,1.1028037883337827,-0.37228939251418863,0.2324696941309885,0.16526487331501816,0.44805949022218766,0.19251855162512765,0.05443277032221922,-0.36901477041318553,0.08093555022336871,0.49954076056485214,0.06970781021613921,0.9765844214545697,0.1493324082014766,-0.7649541806990516,0.4109650417124768,-0.6183929405555737,0.43962467319091064
1.8622593587204581,1.987441880008402,1.7633483713888638,2.4373152713175377,0.6112967484780222,1.2948741143135416,1.592752811442998,1.0415418119647029,2.0227086944348103,2.3254037229967195,2.574668570809046,1.7733623594449264,2.1712285499948605,2.107510744792751,2.135753673581241,2.090766468831707,0.5504384920925756,1.917742505324229,1.116080689872387,1.227548448071981,0.6838320408285524,-1.1786256575728886
-0.44411419280948766,-1.1230722795296857,-0.6488166693823573,-0.7899876210430468,-0.4562002624674637,-1.3300870074098319,-1.1702994894263796,-0.3401612568472116,-0.9777774781433154,-0.928659613812469,-0.690550513782364,-1.2061155950344327,-1.27848460117656,-0.836758877506163,-0.24419238171532454,-0.772399964207014,-0.30185336663141277,-0.675925637122474,-0.3887472065847639,-1.1638743848379949,-1.086564459542616,1.0869248054964304
1.2856659708379716,2.5261342763529866,0.9752152392556925,1.174457617785135,2.274426149588743,2.375269697949687,0.693261661744286,0.21769212120251846,1.3083072247733516,1.4993722605759254,1.3889347047578582,1.2003858297373573,0.038678601997982225,2.0692734769706873,1.5407671597570995,1.3047992127034307,0.12429256273058138,1.5640604858996778,1.4922876639866747,1.8399860028416088,0.5225292485725126,-1.1786256575728886
1.8622593587204581,1.3271092651343943,1.7394655492030102,2.0163627201400702,-0.05782275475954706,0.6226279733843851,1.7311360652428003,1.3962035622479754,1.9369805180754351,2.4505600051816883,2.4714064623541385,1.5441717475618988,2.3593947218769378,2.107510744792751,2.2473136449232674,1.9223449139470763,0.5504384920925756,1.7409014956119535,0.3636667416438115,0.5276198140495489,0.6523583252663984,-0.531325525267369
1.594555285775018,2.6358276877054125,1.5722857939020345,2.184743740611057,1.8451066995345802,2.375269697949687,1.1037986480170312,0.598214624110613,2.0512847532212684,1.9499348764418132,2.1295732757447867,1.7733623594449264,0.9795094614083695,2.107510744792751,1.912633730897188,1.8662043956521994,0.12429256273058138,1.917742505324229,1.4922876639866747,2.189950319852825,0.7625163297339381,-1.5022757237256485
1.8416667377246552,2.0236443259993013,1.7633483713888638,2.465378774729369,0.6770483759637949,1.3588975563067944,1.5650761606830375,1.0119866661077634,2.0512847532212684,2.300372466559726,2.574668570809046,1.7733623594449264,2.108506492700834,2.107510744792751,2.135753673581241,2.146906987126584,0.5504384920925756,1.917742505324229,1.116080689872387,1.2858758342405168,0.6838320408285524,-1.1786256575728886
0.008923469098180245,-0.8131793418475857,0.06766799619325298,0.5851240461366805,-0.9164616548678727,-1.234051844419952,-0.22929336358772687,0.4799940406828555,0.5939057551118933,0.4981220030961752,0.3064629471615782,-0.5185437593853498,-0.1808485985311079,0.3868336927998792,0.5739140747928698,0.1258483285110161,0.12429256273058138,-0.0569821031295109,-0.3887472065847639,-1.018055919416655,-0.7442878028041899,0.7632747393436705
1.821074116728852,2.0569505763109284,1.7633483713888638,2.465378774729369,0.7389322606562868,1.4229209983000484,1.5373995099230775,0.9787371270187069,2.0512847532212684,2.250309953685738,2.574668570809046,1.7733623594449264,2.0457844354068087,2.107510744792751,2.135753673581241,2.090766468831707,0.5504384920925756,1.917742505324229,1.116080689872387,1.344203220409053,0.6838320408285524,-1.1786256575728886
-0.13522487787244136,0.7406296400818224,-0.43387126970967416,-0.3129080630419169,1.5704969612116475,1.1988389513236626,-0.6951836513803931,-0.5655192440063739,-0.4062563024141486,-0.302878202887625,-0.09234243721599866,-0.5185437593853498,-1.2471235725295469,0.23388462151162398,0.1276741894247638,-0.32327581784799897,-0.727999295993407,0.03143840172662638,0.3636667416438115,0.09016441778552893,-0.516103364978573,0.11597460703815078
1.8828519797162613,1.846976389563712,1.7394655492030102,2.325061257670213,0.44498380836695023,1.134815509330409,1.6527188880895791,1.1265128563034037,1.9655565768618934,2.375466235870707,2.574668570809046,1.7733623594449264,2.296672664582912,2.107510744792751,2.135753673581241,2.090766468831707,0.5504384920925756,1.917742505324229,0.7398737157580992,1.052566289566373,0.6798978263832833,-1.1786256575728886
0.15307181606880185,0.6175413237127638,-0.14727740347943008,-0.11646353915909871,-0.16225181017812704,0.17446387943161387,-0.8935329818267757,0.15119304302440506,0.1366888145285598,0.07259064366728132,-0.23477293163656185,0.5128139940882744,0.00731757335096943,0.5397827640881345,1.3920205313010643,0.23812936510076987,0.12429256273058138,1.1219579616189899,0.7398737157580992,0.6734382794708889,0.17238416294354822,1.0869248054964304
-0.19700274085985064,-0.7176048844316104,-0.05174611473601539,-0.3690350698655792,-0.5838357746457283,-0.2737002145211568,-0.824341354926875,-1.3339530362867968,-0.49198447877352364,-0.5531907672575626,-0.6620644148982513,-0.7477343712683775,-0.7767081428243533,-0.3779116636413971,-0.6904322670834305,-0.26713529955312204,-1.5802911547173952,-0.7643461419786117,-1.1411611548133394,-1.4846750087649427,-1.2360646084628482,0.7632747393436705
1.120925002871547,0.7768320860727219,0.8796839505122779,0.7535050666076675,1.9572712405397221,-0.1776650515312776,0.6010061592110844,0.05144442575723492,0.30814516724730984,0.9486846189620628,0.705268331539155,1.3149811356788712,0.2582058025270729,0.6927318353763898,0.4251674463368345,0.3504104016905236,0.12429256273058138,0.7388024405757272,-0.012540232470476212,0.3818013486282089,0.3061474540827035,0.11597460703815078
1.2238881078505623,1.1909880682086122,1.2140434611142292,0.7535050666076675,1.7793550720488074,-0.01760644654814506,0.024409268378576498,1.252122226195396,0.8510902841900182,0.8485595932140878,0.9046710237279435,1.6587670535034127,0.8227043181733049,0.9221554423087727,2.2101269878092586,1.8100638773573225,0.9765844214545697,2.241951023130066,1.116080689872387,2.2774413991056295,1.5060828598898286,0.43962467319091064
1.2238881078505623,1.0259049144901105,0.9752152392556925,0.8657590802549922,2.320839063108112,-0.08162988854139785,0.7440021881375465,0.45413328805803344,0.5939057551118933,1.0738409011470316,0.9616432214961688,1.5441717475618988,0.47773300305616306,0.845680906664645,0.8714073317049404,0.631112993164908,0.5504384920925756,1.3282724729499784,0.3636667416438115,1.0234025964821052,0.7035031130548991,0.11597460703815078
1.4504069388043963,1.434268505267457,1.5006373273444733,1.0341401007259792,2.5645068590847986,0.0464169954451083,0.6425211353510248,1.340787663766214,1.251155107200435,1.023778388273044,1.4459069025260836,2.002552971327954,1.0108704900553822,1.0751045135970279,2.2473136449232674,1.6977828407675688,0.9765844214545697,2.499844162293801,1.116080689872387,2.3649324783584325,1.5532934332330601,0.11597460703815078
1.120925002871547,0.5914755625993162,0.9035667726981316,0.6973780597840051,1.616909874731016,-0.2416884935245304,0.40726960389136174,-0.22932945988368877,0.22241699088793482,0.8735908496510816,0.5913239360027045,0.9711952178543297,0.1014006592920081,0.5397827640881345,0.1276741894247638,0.1258483285110161,0.12429256273058138,0.38512042115117706,-0.012540232470476212,-0.05565404763581106,0.02681822846858576,0.11597460703815078
1.0591471398841377,0.994046762018119,0.8558011283264242,0.5851240461366805,1.203061395849976,0.0464169954451083,-0.31232331586760786,1.0600137781252903,0.6224818138983516,0.6232782852811439,0.477379540466254,1.4295764416203849,0.6345381462912276,0.845680906664645,1.9870070451252055,1.585501804177815,0.9765844214545697,2.0651100134177915,1.116080689872387,1.9858044682629488,1.3054379231810962,0.7632747393436705
0.6267020989722729,0.9259861635552271,0.21096492930837502,0.19223499837104413,0.41404186602070425,0.14245215843498749,-0.6306047996071523,0.6499361293602564,0.4796015199660599,0.3729657209112064,0.021601958320451864,0.9711952178543297,0.35228888846811135,0.845680906664645,1.7638871024411524,0.8556750663444156,0.5504384920925756,1.7114279939932404,1.116080689872387,1.4316942996618567,0.7979242597413615,0.7632747393436705
-1.0413002016877773,-1.0274978221137103,-0.9354105356126013,-0.986432144925865,-1.3844585328548429,-0.43375881950428935,-1.659253652852346,-1.3635081821437363,-1.2349620072214404,-0.9787221266864564,-1.1178419970440534,-1.5499015128589742,-1.0589574006474696,-1.219131555726801,-0.8391788955394659,-0.9969620373865216,-1.5802911547173952,-0.9411871516908868,-0.7649541806990516,-1.4263476225964067,-1.369827899602003,1.0869248054964304
0.2766275420436204,0.9824619793010304,-0.05174611473601539,-0.08840003574726754,0.2825386110491589,0.8146982993641441,-0.14626341130784545,0.5243267594682642,-0.3205281260547736,-0.302878202887625,-0.5481200193618008,0.16902807626373303,-0.3062927131191597,-0.1484880567090142,0.7970340174769228,0.29426988339564675,1.828876280178558,0.47354092600731434,0.7398737157580992,-0.08481774072007896,-0.5829850105481504,0.11597460703815078
0.23544230005201422,1.1808513833311605,-0.05174611473601539,-0.17259054598276105,0.8588322872479902,1.1668272303270362,0.07514979477183734,0.882682902983654,-0.17764783212248192,-0.22778443357664377,-0.2062868327524492,0.28362338220524685,-0.08676551259006925,0.08093555022336871,0.7226607032489052,0.5188319565751542,2.468095174221549,1.033537456762853,1.116080689872387,0.20681919012260103,-0.4098795749563027,-0.20767545911460908
-0.6706330237633217,-1.954280439480738,-0.9354105356126013,-1.0986861585731895,-1.3844585328548429,-2.0023331483389883,-1.2902316427195413,-1.1972604866984524,-0.8063211254245654,-0.5531907672575626,-0.5196339204776882,-2.0082827366250293,-1.0903184292944823,-0.6838098062179077,-0.9879255239955013,-1.726788775219921,-1.5802911547173952,-2.0906537148206756,-0.7649541806990516,-1.251365464090799,-1.2203277506817711,1.0869248054964304
-0.6294477817717155,-1.8876679388574837,-0.9354105356126013,-1.1267496619850208,-1.3921940184414046,-1.9383097063457355,-1.2856188675928812,-1.1898717002342176,-0.8348971842110237,-0.5281595108205689,-0.46266172270946293,-2.0082827366250293,-1.0903184292944823,-0.6838098062179077,-0.9135522097674835,-1.670648256925044,-1.5802911547173952,-2.0611802132019634,-0.7649541806990516,-1.251365464090799,-1.2360646084628482,1.0869248054964304
-0.8765592337213526,-2.2902391382762857,-0.7443479581257719,-0.7619241176312156,-1.1794681648109633,-2.1303800323254944,-1.1610739391730593,-1.1159838355918692,-0.692016890278732,-0.8785971009384814,-0.8044949093188145,-2.237473348508057,-1.0275963720004566,-0.60733527057378,-1.2110454666795543,-1.6145077386301672,-1.5802911547173952,-2.149600718058101,-0.7649541806990516,-1.251365464090799,-1.0157485995277693,0.7632747393436705
-0.4647068138052908,-1.6603165780346347,-0.815996424683333,-0.986432144925865,0.49913220747288023,-1.266063565416579,-0.29848499048762756,-0.24410703281215848,-0.9777774781433154,-0.7284095623165189,-1.089355898159941,-1.091520289092919,-0.3062927131191597,-0.836758877506163,-0.6160589528554129,-0.8846810007967678,-0.30185336663141277,-1.501183682446425,-0.3887472065847639,-0.668091602405439,-0.10694506267056951,-0.531325525267369
-0.8559666127255494,-2.2381076160493905,-0.8637620690550403,-0.9022416346903714,-1.2722939918497012,-2.1303800323254944,-1.2256527909463004,-1.167705340841513,-0.7205929490651903,-0.7784720751905064,-0.7475227115505892,-2.237473348508057,-1.0589574006474696,-0.60733527057378,-1.2110454666795543,-1.670648256925044,-2.0064370840793893,-2.149600718058101,-0.7649541806990516,-1.251365464090799,-1.0983671028784239,1.0869248054964304
-0.4647068138052908,-1.6168736428455548,-0.815996424683333,-0.986432144925865,0.5726193205452149,-1.234051844419952,-0.2661955646010074,-0.21085749372310175,-0.9777774781433154,-0.7284095623165189,-1.0608697992758283,-1.091520289092919,-0.2749316844721469,-0.836758877506163,-0.6160589528554129,-0.8846810007967678,0.12429256273058138,-1.4717101808277127,-0.3887472065847639,-0.638927909321171,-0.07940556155368454,-0.531325525267369
-0.7735961287423371,-0.9985358653209915,-0.5771682028247962,-0.7338606142193844,1.5859679323847702,-0.5938174244874219,0.2043074983183192,0.38763420987992003,-0.8920493017839404,-0.6783470494425314,-0.9754115026234903,-0.2893531475023222,0.13276168793902118,-0.6838098062179077,-0.3185656959433422,-0.6039784093223833,0.9765844214545697,-0.7053991387411869,0.3636667416438115,-0.11398143380434685,0.2707395240752798,-1.1786256575728886
-0.052854393889229016,0.06002365545291094,-0.1233945812935764,-0.11646353915909871,-0.6263809453718167,-0.11364160953802424,-0.6398303498604723,-0.08155373059899225,-0.606288713919357,-0.47809699794658134,-0.7190366126664766,-0.403948453443836,-0.6512640282363016,-0.5308607349296524,0.6482873890208875,-0.32327581784799897,0.5504384920925756,-0.5285581290289113,0.3636667416438115,-0.580600523152635,-0.8859195228338835,0.7632747393436705
-1.6590788315618699,-0.9898472782831752,-1.389184157143821,-1.3512576892796702,-0.6031744886121323,-0.6258291454840489,0.14434142167173844,-1.3228698565904446,-1.4064183599401905,-1.2790972039303816,-1.3457307881169545,-1.4353062069174602,-1.0275963720004566,-1.219131555726801,-1.6572853520476603,-1.1653835922711522,0.12429256273058138,-0.38119062093534867,-0.7649541806990516,-0.25979989922568686,-0.5751165816576117,0.7632747393436705
-0.7735961287423371,0.2902712119550324,-0.3144571587804058,-0.5654795937483974,0.2670676398760356,-0.01760644654814506,-0.985788484359977,-0.23302385311580645,-0.692016890278732,-0.5031282543835751,-0.46266172270946293,0.16902807626373303,-0.6199029995892887,-0.45438619928552476,-0.3185656959433422,-0.04257322637361454,-0.727999295993407,-0.20434961122307355,-0.7649541806990516,-0.784746374742511,-0.7757615183663441,0.11597460703815078
0.4619611310058482,0.41625572400336236,0.18708210712252135,0.5570605427248493,1.1643839679171688,-0.08162988854139785,-0.9996268097399573,-0.17760795463404505,0.6510578726848099,0.5732157724071565,0.5058656393503667,0.8565999119128159,0.47773300305616306,0.08093555022336871,0.1276741894247638,0.46269143828027737,-0.727999295993407,-0.17487610960436112,-0.012540232470476212,-0.784746374742511,-0.4413532905184568,0.7632747393436705
0.4619611310058482,0.47128344190953003,0.18708210712252135,0.5851240461366805,1.1682517107104495,-0.08162988854139785,-1.0088523599932773,-0.15913598847345803,0.6510578726848099,0.5481845159701627,0.5343517382344792,0.8565999119128159,0.47773300305616306,0.08093555022336871,0.20204750365278148,0.46269143828027737,-0.727999295993407,-0.17487610960436112,-0.012540232470476212,-0.8139100678267789,-0.44922171940899513,0.7632747393436705
-1.700264073553476,-1.0448749961893429,-1.6041295568165042,-1.1267496619850208,-0.47940671922714834,-0.9779580764469403,-0.13703786105452553,-1.485423158803611,-1.4064183599401905,-1.3041284603673753,-0.8044949093188145,-1.5499015128589742,-0.7767081428243533,-1.1426570200826733,-1.7316586662756779,-1.0531025556813984,-0.30185336663141277,-0.5285581290289113,-0.3887472065847639,-0.493109443899831,-0.5554455094312655,1.0869248054964304
-0.3617437088262753,0.3090964838702995,-0.24280869222284476,-0.25678105621825453,0.6228999768578642,-0.08162988854139785,-1.2441038914529408,-0.140664022312871,-0.23479994969539858,-0.5782220236945563,0.10706025497278976,0.6274093000297883,-0.2749316844721469,-0.30143712799726946,-0.0954457532592892,0.18198884680589297,-0.727999295993407,-0.3222436176979238,-0.3887472065847639,-0.9888922263323868,-0.7993668050379599,0.43962467319091064
-0.011669151897622842,-0.8696551575933891,0.21096492930837502,-0.4532255801010727,0.7621387174159715,-0.5297939824941691,-0.5106726463139905,-0.9201809942896461,-0.49198447877352364,-0.1526906642656625,-0.3202312282888997,-0.2893531475023222,0.3209278598210985,0.08093555022336871,-0.3929390101713599,-0.04257322637361454,-0.30185336663141277,-0.20434961122307355,0.3636667416438115,-0.5222731369840989,-0.17382670824014695,1.0869248054964304
-0.8971518547171556,-0.7567035261017824,-1.2936528684004065,-1.0986861585731895,-0.4562002624674637,-0.4657705405009163,-0.3584510671342087,-0.8204323770224758,-1.1778098896485236,-1.2040034346194002,-1.089355898159941,-1.2061155950344327,-1.0589574006474696,-1.2956060913709286,-0.9879255239955013,-0.8846810007967678,-0.30185336663141277,-0.3222436176979238,-0.7649541806990516,-0.43478205773129497,-0.6931430150156895,0.43962467319091064
-0.11463225687663828,0.4408733872771743,-0.1233945812935764,-0.06033653233543637,0.7853451741756555,-0.08162988854139785,-1.2487166665796008,-0.0926369102953446,-0.006191479403731882,-0.40300322863560006,0.3064629471615782,0.7420046059713021,-0.08676551259006925,-0.1484880567090142,0.05330087519674614,0.18198884680589297,-0.727999295993407,-0.2927701160792114,-0.3887472065847639,-0.9888922263323868,-0.7364193739136516,0.43962467319091064
-1.206041169654202,-0.9058576035842886,-1.2220044018428453,-1.2951306824560078,-0.5180841471599557,-0.43375881950428935,0.18585639781167895,-1.1196782288239866,-1.2349620072214404,-1.3291597168043692,-1.3742168870010671,-1.3207109009759466,-1.0589574006474696,-1.219131555726801,-1.3597920951355895,-1.0531025556813984,0.12429256273058138,-0.2927701160792114,-0.7649541806990516,-0.20147251305715105,-0.5554455094312655,0.7632747393436705
